{
  "total_folds": 4,
  "avg_pf_net": 4.00363630790898,
  "median_pf_net": 3.8045418774058977,
  "worst_pf_net": 3.4131708373619922,
  "avg_win_rate": 0.8330357142857143,
  "avg_pnl_net": 1700.296883964849,
  "total_trades": 