{
  "total_folds": 4,
  "avg_pf_net": 2.235057239211385,
  "median_pf_net": 1.5427431014449524,
  "worst_pf_net": 0.6084092184496779,
  "avg_win_rate": 0.6503968253968254,
  "avg_pnl_net": 693.0102858341024,
  "total_trades": 